{"schemaVersion":"1.0","appDefinitionTemplate":{"id":"/providers/Microsoft.PowerApps/apps/","type":"Microsoft.PowerApps/apps","tags":{"primaryDeviceWidth":"1366","primaryDeviceHeight":"768","supportsPortrait":"true","supportsLandscape":"true","primaryFormFactor":"Tablet","publisherVersion":"3.22102.32","minimumRequiredApiVersion":"2.2.0","hasComponent":"false","hasUnlockedComponent":"false","isUnifiedRootApp":"false","sienaVersion":"20221024T174315Z-3.22102.32.0"},"properties":{"appVersion":"2022-10-24T17:43:15Z","lifeCycleId":"Published","createdByClientVersion":{"major":3,"minor":22102,"build":32,"revision":0,"majorRevision":0,"minorRevision":0},"minClientVersion":{"major":3,"minor":22102,"build":32,"revision":0,"majorRevision":0,"minorRevision":0},"backgroundColor":"rgba(0, 0, 0, 1)","backgroundImageUri":"/11298454602421494457/N3734a7be-3de8-4032-9262-a14998669ce1-logoSmallFile","displayName":"Training_App","description":"","commitMessage":"","appUris":{"documentUri":{"value":"/11298454602421494457/Ncf20a780-91a4-4b3f-a993-581cfe43fa80-document.msapp"},"imageUris":[],"additionalUris":[]},"createdTime":"0001-01-01T00:00:00Z","lastModifiedTime":"0001-01-01T00:00:00Z","sharedGroupsCount":0,"sharedUsersCount":0,"icons":{"smallIconUri":"/11298454602421494457/N245714d3-59b3-4634-8e96-020644ae625b-small.png","mediumIconUri":"/11298454602421494457/N5359f888-b2f3-42c1-a68a-07d425ee40bf-medium.png","largeIconUri":"/11298454602421494457/N4af23112-5cad-433d-b7aa-733bf34bfcbf-large.png","wideIconUri":"/11298454602421494457/Nca24920b-1980-48f8-a0b4-85f4f5013ed0-wide.png"},"connectionReferences":{"6f9e26d7-7967-4045-be42-7a140ebb3262":{"id":"82941e9d-6225-4590-aeea-dcdf97cd516a","displayName":"SharePoint","iconUri":"https://connectoricons-prod.azureedge.net/releases/v1.0.1591/1.0.1591.2961/sharepointonline/icon.png","dataSources":["Training list"],"dependencies":[],"dependents":[],"parameterHints":{},"parameterHintsV2":{},"isOnPremiseConnection":false,"bypassConsent":false,"dataSets":{"https://t8656.sharepoint.com/sites/TrainingSite/":{"dataSources":{"Training list":{"tableName":"4c43bc3d-8efc-4747-8fda-f9358f4cc2a8"}}}},"apiTier":"Standard","isCustomApiConnection":false,"actions":["providers/PowerPlatform.Governance/Operations/Read"]}},"databaseReferences":{},"almMode":"Environment","performanceOptimizationEnabled":true,"canConsumeAppPass":true,"enableModernRuntimeMode":false,"executionRestrictions":{"isTeamsOnly":false,"dataLossPreventionEvaluationResult":{"status":"Compliant","lastEvaluationDate":"2022-10-24T15:31:28.8612033Z","violations":[],"violationsByPolicy":[],"violationErrorMessage":"La aplicación usa los siguientes conectores: ."}}},"appType":"ClassicCanvasApp","appComponents":[]}}