{"schemaVersion":"1.0","appDefinitionTemplate":{"id":"/providers/Microsoft.PowerApps/apps/","type":"Microsoft.PowerApps/apps","tags":{"primaryDeviceWidth":"1366","primaryDeviceHeight":"768","supportsPortrait":"true","supportsLandscape":"true","primaryFormFactor":"Tablet","publisherVersion":"3.22102.32","minimumRequiredApiVersion":"2.2.0","hasComponent":"false","hasUnlockedComponent":"false","isUnifiedRootApp":"false","sienaVersion":"20221025T110731Z-3.22102.32.0"},"properties":{"appVersion":"2022-10-25T11:07:31Z","lifeCycleId":"Published","createdByClientVersion":{"major":3,"minor":22102,"build":32,"revision":0,"majorRevision":0,"minorRevision":0},"minClientVersion":{"major":3,"minor":22102,"build":32,"revision":0,"majorRevision":0,"minorRevision":0},"backgroundColor":"rgba(0, 0, 0, 1)","backgroundImageUri":"/11298454602421494457/N86e6f3a5-9ded-4e4b-8f7c-3e4650316c06-logoSmallFile","displayName":"Training_App","description":"","commitMessage":"","appUris":{"documentUri":{"value":"/11298454602421494457/N93106a74-7c9d-4939-8421-b6f1a86179d5-document.msapp"},"imageUris":[],"additionalUris":[]},"createdTime":"0001-01-01T00:00:00Z","lastModifiedTime":"0001-01-01T00:00:00Z","sharedGroupsCount":0,"sharedUsersCount":0,"icons":{"smallIconUri":"/11298454602421494457/N1cbc0ccb-a5b6-423e-a16b-b6779b1afc98-small.png","mediumIconUri":"/11298454602421494457/N2bd637fb-8fb6-45cd-9acd-c86e1ba8e284-medium.png","largeIconUri":"/11298454602421494457/N0e3a774f-92e0-40df-b537-db043fed9262-large.png","wideIconUri":"/11298454602421494457/N53b7aa5e-cf78-4f18-8b79-ed03a15825c1-wide.png"},"connectionReferences":{"6f9e26d7-7967-4045-be42-7a140ebb3262":{"id":"82941e9d-6225-4590-aeea-dcdf97cd516a","displayName":"SharePoint","iconUri":"https://connectoricons-prod.azureedge.net/releases/v1.0.1601/1.0.1601.3047/sharepointonline/icon.png","dataSources":["Training list"],"dependencies":[],"dependents":[],"parameterHints":{},"parameterHintsV2":{},"isOnPremiseConnection":false,"bypassConsent":false,"dataSets":{"https://t8656.sharepoint.com/sites/TrainingSite/":{"dataSources":{"Training list":{"tableName":"4c43bc3d-8efc-4747-8fda-f9358f4cc2a8"}}}},"apiTier":"Standard","isCustomApiConnection":false,"actions":["providers/PowerPlatform.Governance/Operations/Read"]}},"databaseReferences":{},"almMode":"Environment","performanceOptimizationEnabled":true,"canConsumeAppPass":true,"enableModernRuntimeMode":false,"executionRestrictions":{"isTeamsOnly":false,"dataLossPreventionEvaluationResult":{"status":"Compliant","lastEvaluationDate":"2022-10-24T15:31:28.8612033Z","violations":[],"violationsByPolicy":[],"violationErrorMessage":"La aplicación usa los siguientes conectores: ."}}},"appType":"ClassicCanvasApp","appComponents":[]}}